{
    "accelerometerMisalignment": {
        "xx": 1.0,
        "xy": -1.49507,
        "xz": -5.72218,
        "yx": 0.0,
        "yy": 1.0,
        "yz": -6.05553,
        "zx": -0.0,
        "zy": 0.0,
        "zz": 1.0
    },
    "accelerometerOffset": {
        "x": 0.0595876,
        "y": 0.0514496,
        "z": 0.00380581
    },
    "accelerometerSensitivity": {
        "x": 5.357861,
        "y": 2.331763,
        "z": 5.960791
    },
    "gyroscopeMisalignment": {
        "xx": 1.0,
        "xy": -21.3093,
        "xz": -0.867866,
        "yx": 30.9676,
        "yy": 1.0,
        "yz": 0.355989,
        "zx": -774.299,
        "zy": -75.8316,
        "zz": 1.0
    },
    "gyroscopeOffset": {
        "x": 0.000175256,
        "y": -0.00651372,
        "z": 0.148178
    },
    "gyroscopeSensitivity": {
        "x": -0.406961,
        "y": 0.034068,
        "z": 0.880567
    },
    "hardIronOffset": {
        "x": 0.0,
        "y": 0.0,
        "z": 0.0
    },
    "settings": {
        "accelerationRejection": 10.0,
        "convention": 1,
        "gain": 0.5,
        "gyroscopeRange": 2000.0,
        "magneticRejection": 10.0,
        "recoveryTriggerPeriod": 500
    },
    "softIronMatrix": {
        "xx": 1.0,
        "xy": 0.0,
        "xz": 0.0,
        "yx": 0.0,
        "yy": 1.0,
        "yz": 0.0,
        "zx": 0.0,
        "zy": 0.0,
        "zz": 1.0
    }
}