{
    "accelerometerMisalignment": {
        "xx": 1.0,
        "xy": -0.861039,
        "xz": -1.61765,
        "yx": 0.0,
        "yy": 1.0,
        "yz": -3.62828,
        "zx": -0.0,
        "zy": 0.0,
        "zz": 1.0
    },
    "accelerometerOffset": {
        "x": 5.6875,
        "y": 4.900439,
        "z": 0.000735652
    },
    "accelerometerSensitivity": {
        "x": 0.00313137,
        "y": 0.00285122,
        "z": 0.000735652
    },
    "gyroscopeMisalignment": {
        "xx": 1.0,
        "xy": 0.0007359880255535245,
        "xz": 0.04048139974474907,
        "yx": -0.005086900200694799,
        "yy": 1.0,
        "yz": -0.008863369934260845,
        "zx": -0.01313790027052164,
        "zy": 0.005315709859132767,
        "zz": 1.0
    },
    "gyroscopeOffset": {
        "x": -0.004178398288786411,
        "y": 0.0011786648537963629,
        "z": -0.0067934743128716946
    },
    "gyroscopeSensitivity": {
        "x": 1.0001335144042969,
        "y": 1.0001319646835327,
        "z": 1.0001329183578491
    },
    "hardIronOffset": {
        "x": 0.0,
        "y": 0.0,
        "z": 0.0
    },
    "settings": {
        "accelerationRejection": 10.0,
        "convention": 1,
        "gain": 0.5,
        "gyroscopeRange": 2000.0,
        "magneticRejection": 10.0,
        "recoveryTriggerPeriod": 500
    },
    "softIronMatrix": {
        "xx": 1.0,
        "xy": 0.0,
        "xz": 0.0,
        "yx": 0.0,
        "yy": 1.0,
        "yz": 0.0,
        "zx": 0.0,
        "zy": 0.0,
        "zz": 1.0
    }
}